<application>
  <component name="FeatureSuggesterSettings">
    <option name="workingDays">
      <list>
        <option value="1666871588394" />
        <option value="1666886402713" />
        <option value="1667009128302" />
        <option value="1667059200369" />
        <option value="1667178890042" />
        <option value="1667359733342" />
        <option value="1667438600526" />
        <option value="1667491247128" />
        <option value="1667577718189" />
        <option value="1667664765562" />
        <option value="1667784344832" />
        <option value="1667896899471" />
        <option value="1667955508148" />
        <option value="1668041112354" />
        <option value="1668127096151" />
        <option value="1668216238829" />
        <option value="1668306169787" />
        <option value="1668388648789" />
      </list>
    </option>
  </component>
</application>