<application>
  <component name="FileTypeManager" version="18">
    <extensionMap>
      <mapping ext="gradle.kts" type="Kotlin" />
      <mapping ext="main.kts" type="Kotlin" />
      <mapping pattern="ttt" type="PLAIN_TEXT" />
      <mapping pattern="ProductCtrl.java" type="yarn.lock" />
      <removed_mapping ext="apk" approved="true" type="ARCHIVE" />
      <removed_mapping ext="psd" approved="true" type="Image" />
      <removed_mapping pattern="ProductController.java" approved="true" type="PLAIN_TEXT" />
    </extensionMap>
  </component>
</application>